Model,Best_Params,Mean_R2,Std_R2,Training_Time
RF,"{'min_samples_leaf': 4, 'min_samples_split': 10, 'n_estimators': 300}",0.44184646987402215,0.11460590611969106,22.088600397109985
XGB,"{'learning_rate': 0.02, 'max_depth': 3, 'n_estimators': 400}",0.417346916114197,0.09114411164723156,6.642189979553223
GBDT,"{'learning_rate': 0.01, 'max_depth': 3, 'n_estimators': 500}",0.411556923011479,0.09736088040342261,22.536951780319214
ANN,"{'alpha': 0.01, 'hidden_layer_sizes': (20,)}",0.4128092310881982,0.10693899514021218,3.166995048522949
KNN,"{'n_neighbors': 9, 'p': 1, 'weights': 'uniform'}",0.4082197949699517,0.08483438633322961,0.07635283470153809
SVM,"{'C': 1, 'epsilon': 0.5, 'kernel': 'linear'}",0.3739866957746039,0.07872602458305784,1.0292112827301025
